"model","oldPick","newPick"
"builtin\default","parallel0|1|1|1","parallel0   declared=4 matched=3"
"builtin\misc\1_alex",,"(none) -> name-based fallback"
"builtin\misc\2_steve",,"(none) -> name-based fallback"
"builtin\misc\3_default_boy",,"(none) -> name-based fallback"
"builtin\misc\4_default_controllers","Hair_Physics|58|58|57","Hair_Physics   declared=59 matched=58"
"builtin\wine_fox\01_taisho_maid",,"(none) -> name-based fallback"
"builtin\wine_fox\02_new_year",,"(none) -> name-based fallback"
"builtin\wine_fox\03_astronaut","parallel0|1|1|1","parallel0   declared=24 matched=7"
"builtin\wine_fox\04_kongfu",,"(none) -> name-based fallback"
"builtin\wine_fox\05_magical",,"(none) -> name-based fallback"
"builtin\wine_fox\06_hanfu","parallel0|24|0|0","(none) -> name-based fallback"
"builtin\wine_fox\07_jk",,"(none) -> name-based fallback"
"builtin\wine_fox\08_sta","pre_parallel0|3|2|2","pre_parallel0   declared=3 matched=2"
"builtin\wine_fox\09_hailuo","parallel0|2|2|2","parallel0   declared=5 matched=5"
"builtin\wine_fox\10_zhiban","parallel0|23|22|14","parallel0   declared=23 matched=14"
"builtin\wine_fox\11_salesperson",,"(none) -> name-based fallback"
"builtin\wine_fox\12_little",,"(none) -> name-based fallback"
"builtin\wine_fox\13_matured",,"(none) -> name-based fallback"
"builtin\wine_fox\14_momo",,"(none) -> name-based fallback"
"builtin\wine_fox\15_kluonoa","光环开机|1|1|1","光环开机   declared=41 matched=40"
"builtin\wine_fox\16_tactics",,"(none) -> name-based fallback"
"builtin\wine_fox\17_mini","parallel0|1|1|0","pre_parallel0   declared=11 matched=6"
"builtin\wine_fox\18_wedding","pre_parallel1|1|1|1","pre_parallel1   declared=1 matched=1"
"builtin\wine_fox\19_nine_tailed",,"(none) -> name-based fallback"
"builtin\wine_fox\20_survivor","parallel2|4|4|4","parallel2   declared=4 matched=4"
"builtin\wine_fox\21_saint","pre_parallel2|4|4|4","pre_parallel2   declared=4 matched=4"
"builtin\wine_fox\22_elf","pre_parallel7|4|0|0","(none) -> name-based fallback"
"custom\valencinaV1.20.11\valencinaV1.20.11","parallel0|1|1|1","parallel0   declared=5 matched=4"
"custom\valencinaV1.20.11\valencinaV2","parallel0|1|1|1","parallel0   declared=5 matched=4"
